[
{
  "fields": {},
  "model": "ad_manager.isd",
  "pk": 1
},
{
  "fields": {},
  "model": "ad_manager.isd",
  "pk": 2
},
{
  "fields": {},
  "model": "ad_manager.isd",
  "pk": 3
},
{
  "fields": {
    "as_id": 1,
    "isd": 1,
    "is_open": false,
    "original_topology": "{\"MTU\":1472,\"Core\":true,\"CertificateService\":{\"cs1-1-1\":{\"Public\":[{\"L4Port\":31042,\"Addr\":\"203.0.113.130\"}]}},\"Overlay\":\"UDP/IPv4\",\"BorderRouters\":{\"br1-1-5\":{\"Interfaces\":{\"5\":{\"InternalAddrIdx\":0,\"Public\":{\"L4Port\":50000,\"Addr\":\"203.0.113.154\"},\"Remote\":{\"L4Port\":50000,\"Addr\":\"203.0.113.115\"},\"Bandwidth\":1000,\"MTU\":1472,\"LinkType\":\"CORE\",\"ISD_AS\":\"3-31\",\"Overlay\":\"UDP/IPv4\"}},\"InternalAddrs\":[{\"Public\":[{\"L4Port\":31042,\"Addr\":\"203.0.113.154\"}]}]},\"br1-1-3\":{\"Interfaces\":{\"3\":{\"InternalAddrIdx\":0,\"Public\":{\"L4Port\":50000,\"Addr\":\"203.0.113.1\"},\"Remote\":{\"L4Port\":50000,\"Addr\":\"203.0.113.2\"},\"Bandwidth\":1000,\"MTU\":1472,\"LinkType\":\"CHILD\",\"ISD_AS\":\"1-3\",\"Overlay\":\"UDP/IPv4\"}},\"InternalAddrs\":[{\"Public\":[{\"L4Port\":31042,\"Addr\":\"203.0.113.142\"}]}]},\"br1-1-6\":{\"Interfaces\":{\"6\":{\"InternalAddrIdx\":0,\"Public\":{\"L4Port\":50000,\"Addr\":\"203.0.113.130\"},\"Remote\":{\"L4Port\":50000,\"Addr\":\"203.0.113.18\"},\"Bandwidth\":1000,\"MTU\":1472,\"LinkType\":\"CORE\",\"ISD_AS\":\"4-41\",\"Overlay\":\"UDP/IPv4\"}},\"InternalAddrs\":[{\"Public\":[{\"L4Port\":31044,\"Addr\":\"203.0.113.130\"}]}]},\"br1-1-2\":{\"Interfaces\":{\"2\":{\"InternalAddrIdx\":0,\"Public\":{\"L4Port\":50000,\"Addr\":\"203.0.113.138\"},\"Remote\":{\"L4Port\":50000,\"Addr\":\"203.0.113.211\"},\"Bandwidth\":1000,\"MTU\":1472,\"LinkType\":\"CHILD\",\"ISD_AS\":\"1-2\",\"Overlay\":\"UDP/IPv4\"}},\"InternalAddrs\":[{\"Public\":[{\"L4Port\":31042,\"Addr\":\"203.0.113.138\"}]}]},\"br1-1-4\":{\"Interfaces\":{\"4\":{\"InternalAddrIdx\":0,\"Public\":{\"L4Port\":50000,\"Addr\":\"203.0.113.134\"},\"Remote\":{\"L4Port\":50000,\"Addr\":\"203.0.113.180\"},\"Bandwidth\":1000,\"MTU\":1472,\"LinkType\":\"CORE\",\"ISD_AS\":\"2-21\",\"Overlay\":\"UDP/IPv4\"}},\"InternalAddrs\":[{\"Public\":[{\"L4Port\":31042,\"Addr\":\"203.0.113.134\"}]}]},\"br1-1-7\":{\"Interfaces\":{\"7\":{\"InternalAddrIdx\":0,\"Public\":{\"L4Port\":50001,\"Addr\":\"203.0.113.150\"},\"Remote\":{\"L4Port\":50000,\"Addr\":\"203.0.113.254\"},\"Bandwidth\":1000,\"MTU\":1472,\"LinkType\":\"CHILD\",\"ISD_AS\":\"1-4\",\"Overlay\":\"UDP/IPv4\"}},\"InternalAddrs\":[{\"Public\":[{\"L4Port\":31043,\"Addr\":\"203.0.113.150\"}]}]},\"br1-1-1\":{\"Interfaces\":{\"1\":{\"InternalAddrIdx\":0,\"Public\":{\"L4Port\":50000,\"Addr\":\"203.0.113.150\"},\"Remote\":{\"L4Port\":50000,\"Addr\":\"203.0.113.114\"},\"Bandwidth\":1000,\"MTU\":1472,\"LinkType\":\"CHILD\",\"ISD_AS\":\"1-5\",\"Overlay\":\"UDP/IPv4\"}},\"InternalAddrs\":[{\"Public\":[{\"L4Port\":31042,\"Addr\":\"203.0.113.150\"}]}]}},\"PathService\":{\"ps1-1-1\":{\"Public\":[{\"L4Port\":31043,\"Addr\":\"203.0.113.130\"}]}},\"BeaconService\":{\"bs1-1-1\":{\"Public\":[{\"L4Port\":31041,\"Addr\":\"203.0.113.130\"}]}},\"ZookeeperService\":{\"1\":{\"L4Port\":2181,\"Addr\":\"203.0.113.130\"}},\"ISD_AS\":\"1-1\",\"SibraService\":{\"sb1-1-1\":{\"Public\":[{\"L4Port\":31045,\"Addr\":\"203.0.113.130\"}]}}}",
    "is_core_ad": true,
    "md_host": "127.0.0.1"
  },
  "model": "ad_manager.ad",
  "pk": 1
},
{
  "fields": {
    "as_id": 2,
    "isd": 1,
    "is_open": false,
    "original_topology": "{\"MTU\":1472,\"Core\":false,\"CertificateService\":{\"cs1-2-1\":{\"Public\":[{\"L4Port\":31042,\"Addr\":\"203.0.113.211\"}]}},\"Overlay\":\"UDP/IPv4\",\"BorderRouters\":{\"br1-2-3\":{\"Interfaces\":{\"3\":{\"InternalAddrIdx\":0,\"Public\":{\"L4Port\":50000,\"Addr\":\"203.0.113.211\"},\"Remote\":{\"L4Port\":50000,\"Addr\":\"203.0.113.138\"},\"Bandwidth\":1000,\"MTU\":1472,\"LinkType\":\"PARENT\",\"ISD_AS\":\"1-1\",\"Overlay\":\"UDP/IPv4\"}},\"InternalAddrs\":[{\"Public\":[{\"L4Port\":31044,\"Addr\":\"203.0.113.211\"}]}]},\"br1-2-1\":{\"Interfaces\":{\"1\":{\"InternalAddrIdx\":0,\"Public\":{\"L4Port\":50000,\"Addr\":\"203.0.113.2\"},\"Remote\":{\"L4Port\":50000,\"Addr\":\"203.0.113.1\"},\"Bandwidth\":1000,\"MTU\":1472,\"LinkType\":\"PARENT\",\"ISD_AS\":\"1-3\",\"Overlay\":\"UDP/IPv4\"}},\"InternalAddrs\":[{\"Public\":[{\"L4Port\":31042,\"Addr\":\"203.0.113.146\"}]}]},\"br1-2-4\":{\"Interfaces\":{\"4\":{\"InternalAddrIdx\":0,\"Public\":{\"L4Port\":50000,\"Addr\":\"203.0.113.190\"},\"Remote\":{\"L4Port\":50000,\"Addr\":\"203.0.113.191\"},\"Bandwidth\":1000,\"MTU\":1472,\"LinkType\":\"CHILD\",\"ISD_AS\":\"1-6\",\"Overlay\":\"UDP/IPv4\"}},\"InternalAddrs\":[{\"Public\":[{\"L4Port\":31042,\"Addr\":\"203.0.113.190\"}]}]},\"br1-2-5\":{\"Interfaces\":{\"5\":{\"InternalAddrIdx\":0,\"Public\":{\"L4Port\":50000,\"Addr\":\"203.0.113.68\"},\"Remote\":{\"L4Port\":50000,\"Addr\":\"203.0.113.69\"},\"Bandwidth\":1000,\"MTU\":1472,\"LinkType\":\"PARENT\",\"ISD_AS\":\"1-3\",\"Overlay\":\"UDP/IPv4\"}},\"InternalAddrs\":[{\"Public\":[{\"L4Port\":31042,\"Addr\":\"203.0.113.68\"}]}]},\"br1-2-2\":{\"Interfaces\":{\"2\":{\"InternalAddrIdx\":0,\"Public\":{\"L4Port\":50000,\"Addr\":\"203.0.113.194\"},\"Remote\":{\"L4Port\":50000,\"Addr\":\"203.0.113.122\"},\"Bandwidth\":1000,\"MTU\":1472,\"LinkType\":\"PEER\",\"ISD_AS\":\"1-5\",\"Overlay\":\"UDP/IPv4\"}},\"InternalAddrs\":[{\"Public\":[{\"L4Port\":31042,\"Addr\":\"203.0.113.194\"}]}]}},\"PathService\":{\"ps1-2-1\":{\"Public\":[{\"L4Port\":31043,\"Addr\":\"203.0.113.211\"}]}},\"BeaconService\":{\"bs1-2-1\":{\"Public\":[{\"L4Port\":31041,\"Addr\":\"203.0.113.211\"}]}},\"ZookeeperService\":{\"1\":{\"L4Port\":2181,\"Addr\":\"203.0.113.211\"}},\"ISD_AS\":\"1-2\",\"SibraService\":{\"sb1-2-1\":{\"Public\":[{\"L4Port\":31045,\"Addr\":\"203.0.113.211\"}]}}}",
    "is_core_ad": false,
    "md_host": "127.0.0.1"
  },
  "model": "ad_manager.ad",
  "pk": 2
},
{
  "fields": {
    "as_id": 21,
    "isd": 2,
    "is_open": false,
    "original_topology": "{\"MTU\":1472,\"Core\":true,\"CertificateService\":{\"cs2-21-1\":{\"Public\":[{\"L4Port\":31042,\"Addr\":\"203.0.113.138\"}],\"Bind\":[{\"L4Port\":31042,\"Addr\":\"203.0.113.47\"}]}},\"Overlay\":\"UDP/IPv4\",\"BorderRouters\":{\"br2-21-3\":{\"Interfaces\":{\"3\":{\"InternalAddrIdx\":0,\"Public\":{\"L4Port\":50001,\"Addr\":\"203.0.113.165\"},\"Remote\":{\"L4Port\":50000,\"Addr\":\"203.0.113.208\"},\"Bandwidth\":1000,\"MTU\":1472,\"LinkType\":\"CHILD\",\"ISD_AS\":\"2-23\",\"Overlay\":\"UDP/IPv4\"}},\"InternalAddrs\":[{\"Public\":[{\"L4Port\":31043,\"Addr\":\"203.0.113.165\"}]}]},\"br2-21-2\":{\"Interfaces\":{\"2\":{\"InternalAddrIdx\":0,\"Public\":{\"L4Port\":50000,\"Addr\":\"203.0.113.165\"},\"Remote\":{\"L4Port\":50000,\"Addr\":\"203.0.113.198\"},\"Bandwidth\":1000,\"MTU\":1472,\"LinkType\":\"CHILD\",\"ISD_AS\":\"2-22\",\"Overlay\":\"UDP/IPv4\"}},\"InternalAddrs\":[{\"Public\":[{\"L4Port\":31042,\"Addr\":\"203.0.113.165\"}]}]},\"br2-21-1\":{\"Interfaces\":{\"1\":{\"InternalAddrIdx\":0,\"Public\":{\"L4Port\":50000,\"Addr\":\"203.0.113.180\"},\"Remote\":{\"L4Port\":50000,\"Addr\":\"203.0.113.134\"},\"Bandwidth\":1000,\"MTU\":1472,\"LinkType\":\"CORE\",\"ISD_AS\":\"1-1\",\"Overlay\":\"UDP/IPv4\"}},\"InternalAddrs\":[{\"Public\":[{\"L4Port\":31042,\"Addr\":\"203.0.113.180\"}]}]}},\"PathService\":{\"ps2-21-1\":{\"Public\":[{\"L4Port\":31041,\"Addr\":\"203.0.113.180\"}]}},\"BeaconService\":{\"bs2-21-1\":{\"Public\":[{\"L4Port\":31041,\"Addr\":\"203.0.113.138\"}],\"Bind\":[{\"L4Port\":31041,\"Addr\":\"203.0.113.47\"}]}},\"ZookeeperService\":{\"1\":{\"L4Port\":2181,\"Addr\":\"203.0.113.180\"}},\"ISD_AS\":\"2-21\",\"SibraService\":{\"sb2-21-1\":{\"Public\":[{\"L4Port\":31043,\"Addr\":\"203.0.113.180\"}]}}}",
    "is_core_ad": true,
    "md_host": "127.0.0.1"
  },
  "model": "ad_manager.ad",
  "pk": 21
},
{
  "fields": {
    "as_id": 22,
    "isd": 2,
    "is_open": false,
    "original_topology": "{\"MTU\":1472,\"Core\":false,\"CertificateService\":{\"cs2-22-1\":{\"Public\":[{\"L4Port\":31042,\"Addr\":\"173.239.151.139\"}],\"Bind\":[{\"L4Port\":31042,\"Addr\":\"10.64.7.21\"}]}},\"Overlay\":\"UDP/IPv4\",\"BorderRouters\":{\"br2-22-1\":{\"Interfaces\":{\"1\":{\"InternalAddrIdx\":0,\"Public\":{\"L4Port\":50000,\"Addr\":\"203.0.113.198\"},\"Remote\":{\"L4Port\":50000,\"Addr\":\"203.0.113.165\"},\"Bandwidth\":1000,\"MTU\":1472,\"LinkType\":\"PARENT\",\"ISD_AS\":\"2-21\",\"Overlay\":\"UDP/IPv4\"}},\"InternalAddrs\":[{\"Public\":[{\"L4Port\":31042,\"Addr\":\"203.0.113.198\"}]}]}},\"PathService\":{\"ps2-22-1\":{\"Public\":[{\"L4Port\":31041,\"Addr\":\"203.0.113.198\"}]}},\"BeaconService\":{\"bs2-22-1\":{\"Public\":[{\"L4Port\":31041,\"Addr\":\"173.239.151.139\"}],\"Bind\":[{\"L4Port\":31041,\"Addr\":\"10.64.7.21\"}]}},\"ZookeeperService\":{\"1\":{\"L4Port\":2181,\"Addr\":\"203.0.113.198\"}},\"ISD_AS\":\"2-22\",\"SibraService\":{\"sb2-22-1\":{\"Public\":[{\"L4Port\":31043,\"Addr\":\"203.0.113.198\"}]}}}",
    "is_core_ad": false,
    "md_host": "127.0.0.1"
  },
  "model": "ad_manager.ad",
  "pk": 22
},
{
  "fields": {
    "as_id": 31,
    "isd": 3,
    "is_open": false,
    "original_topology": "{\"MTU\":1472,\"Core\":true,\"CertificateService\":{\"cs3-31-1\":{\"Public\":[{\"L4Port\":31041,\"Addr\":\"203.0.113.193\"}],\"Bind\":[{\"L4Port\":null,\"Addr\":\"203.0.113.88\"}]}},\"Overlay\":\"UDP/IPv4\",\"BorderRouters\":{\"br3-31-1\":{\"Interfaces\":{\"1\":{\"InternalAddrIdx\":0,\"Public\":{\"L4Port\":50000,\"Addr\":\"203.0.113.115\"},\"Remote\":{\"L4Port\":50000,\"Addr\":\"203.0.113.154\"},\"Bandwidth\":1000,\"MTU\":1472,\"LinkType\":\"CORE\",\"ISD_AS\":\"1-1\",\"Overlay\":\"UDP/IPv4\"}},\"InternalAddrs\":[{\"Public\":[{\"L4Port\":31042,\"Addr\":\"203.0.113.115\"}]}]}},\"PathService\":{\"ps3-31-1\":{\"Public\":[{\"L4Port\":31041,\"Addr\":\"203.0.113.34\"}],\"Bind\":[{\"L4Port\":null,\"Addr\":\"203.0.113.177\"}]}},\"BeaconService\":{\"bs3-31-1\":{\"Public\":[{\"L4Port\":31041,\"Addr\":\"203.0.113.185\"}]}},\"ZookeeperService\":{\"1\":{\"L4Port\":2181,\"Addr\":\"203.0.113.185\"}},\"ISD_AS\":\"3-31\",\"SibraService\":{\"sb3-31-1\":{\"Public\":[{\"L4Port\":31042,\"Addr\":\"203.0.113.185\"}]}}}",
    "is_core_ad": true,
    "md_host": "127.0.0.1"
  },
  "model": "ad_manager.ad",
  "pk": 31
},
{
  "fields": {
    "as_id": 23,
    "isd": 2,
    "is_open": false,
    "original_topology": "{\"MTU\":1472,\"Core\":false,\"CertificateService\":{\"cs2-23-1\":{\"Public\":[{\"L4Port\":31042,\"Addr\":\"203.0.113.208\"}]}},\"Overlay\":\"UDP/IPv4\",\"BorderRouters\":{\"br2-23-1\":{\"Interfaces\":{\"1\":{\"InternalAddrIdx\":0,\"Public\":{\"L4Port\":50000,\"Addr\":\"203.0.113.208\"},\"Remote\":{\"L4Port\":50001,\"Addr\":\"203.0.113.165\"},\"Bandwidth\":1000,\"MTU\":1472,\"LinkType\":\"PARENT\",\"ISD_AS\":\"2-21\",\"Overlay\":\"UDP/IPv4\"}},\"InternalAddrs\":[{\"Public\":[{\"L4Port\":31044,\"Addr\":\"203.0.113.208\"}]}]}},\"PathService\":{\"ps2-23-1\":{\"Public\":[{\"L4Port\":31043,\"Addr\":\"203.0.113.208\"}]}},\"BeaconService\":{\"bs2-23-1\":{\"Public\":[{\"L4Port\":31041,\"Addr\":\"203.0.113.208\"}]}},\"ZookeeperService\":{\"1\":{\"L4Port\":2181,\"Addr\":\"203.0.113.208\"}},\"ISD_AS\":\"2-23\",\"SibraService\":{\"sb2-23-1\":{\"Public\":[{\"L4Port\":31045,\"Addr\":\"203.0.113.208\"}]}}}",
    "is_core_ad": false,
    "md_host": "127.0.0.1"
  },
  "model": "ad_manager.ad",
  "pk": 48
},
{
  "fields": {
    "ad": 1,
    "name": "bs1-1-1"
  },
  "model": "ad_manager.service",
  "pk": 1
},
{
  "fields": {
    "ad": 1,
    "name": "cs1-1-1"
  },
  "model": "ad_manager.service",
  "pk": 2
},
{
  "fields": {
    "ad": 1,
    "name": "ps1-1-1"
  },
  "model": "ad_manager.service",
  "pk": 3
},
{
  "fields": {
    "ad": 1,
    "name": "sb1-1-1"
  },
  "model": "ad_manager.service",
  "pk": 4
},
{
  "fields": {
    "ad": 2,
    "name": "bs1-2-1"
  },
  "model": "ad_manager.service",
  "pk": 5
},
{
  "fields": {
    "ad": 2,
    "name": "cs1-2-1"
  },
  "model": "ad_manager.service",
  "pk": 6
},
{
  "fields": {
    "ad": 2,
    "name": "ps1-2-1"
  },
  "model": "ad_manager.service",
  "pk": 7
},
{
  "fields": {
    "ad": 2,
    "name": "sb1-2-1"
  },
  "model": "ad_manager.service",
  "pk": 8
},
{
  "fields": {
    "ad": 21,
    "name": "bs2-21-1"
  },
  "model": "ad_manager.service",
  "pk": 37
},
{
  "fields": {
    "ad": 21,
    "name": "cs2-21-1"
  },
  "model": "ad_manager.service",
  "pk": 38
},
{
  "fields": {
    "ad": 21,
    "name": "ps2-21-1"
  },
  "model": "ad_manager.service",
  "pk": 39
},
{
  "fields": {
    "ad": 21,
    "name": "sb2-21-1"
  },
  "model": "ad_manager.service",
  "pk": 40
},
{
  "fields": {
    "ad": 22,
    "name": "bs2-22-1"
  },
  "model": "ad_manager.service",
  "pk": 41
},
{
  "fields": {
    "ad": 22,
    "name": "cs2-22-1"
  },
  "model": "ad_manager.service",
  "pk": 42
},
{
  "fields": {
    "ad": 22,
    "name": "ps2-22-1"
  },
  "model": "ad_manager.service",
  "pk": 43
},
{
  "fields": {
    "ad": 22,
    "name": "sb2-22-1"
  },
  "model": "ad_manager.service",
  "pk": 44
},
{
  "fields": {
    "ad": 48,
    "name": "bs2-23-1"
  },
  "model": "ad_manager.service",
  "pk": 45
},
{
  "fields": {
    "ad": 48,
    "name": "cs2-23-1"
  },
  "model": "ad_manager.service",
  "pk": 46
},
{
  "fields": {
    "ad": 48,
    "name": "ps2-23-1"
  },
  "model": "ad_manager.service",
  "pk": 47
},
{
  "fields": {
    "ad": 48,
    "name": "sb2-23-1"
  },
  "model": "ad_manager.service",
  "pk": 48
},
{
  "fields": {
    "ad": 31,
    "name": "bs3-31-1"
  },
  "model": "ad_manager.service",
  "pk": 49
},
{
  "fields": {
    "ad": 31,
    "name": "cs3-31-1"
  },
  "model": "ad_manager.service",
  "pk": 50
},
{
  "fields": {
    "ad": 31,
    "name": "ps3-31-1"
  },
  "model": "ad_manager.service",
  "pk": 51
},
{
  "fields": {
    "ad": 31,
    "name": "sb3-31-1"
  },
  "model": "ad_manager.service",
  "pk": 52
},
{
  "fields": {
    "l4port": 31041,
    "addr_type": "IPv4",
    "service": 1,
    "ad": 1,
    "overlay_port": null,
    "addr": "203.0.113.130",
    "is_public": true
  },
  "model": "ad_manager.serviceaddress",
  "pk": 1
},
{
  "fields": {
    "l4port": 31042,
    "addr_type": "IPv4",
    "service": 2,
    "ad": 1,
    "overlay_port": null,
    "addr": "203.0.113.130",
    "is_public": true
  },
  "model": "ad_manager.serviceaddress",
  "pk": 2
},
{
  "fields": {
    "l4port": 31043,
    "addr_type": "IPv4",
    "service": 3,
    "ad": 1,
    "overlay_port": null,
    "addr": "203.0.113.130",
    "is_public": true
  },
  "model": "ad_manager.serviceaddress",
  "pk": 3
},
{
  "fields": {
    "l4port": 31045,
    "addr_type": "IPv4",
    "service": 4,
    "ad": 1,
    "overlay_port": null,
    "addr": "203.0.113.130",
    "is_public": true
  },
  "model": "ad_manager.serviceaddress",
  "pk": 4
},
{
  "fields": {
    "l4port": 31041,
    "addr_type": "IPv4",
    "service": 5,
    "ad": 2,
    "overlay_port": null,
    "addr": "203.0.113.211",
    "is_public": true
  },
  "model": "ad_manager.serviceaddress",
  "pk": 5
},
{
  "fields": {
    "l4port": 31042,
    "addr_type": "IPv4",
    "service": 6,
    "ad": 2,
    "overlay_port": null,
    "addr": "203.0.113.211",
    "is_public": true
  },
  "model": "ad_manager.serviceaddress",
  "pk": 6
},
{
  "fields": {
    "l4port": 31043,
    "addr_type": "IPv4",
    "service": 7,
    "ad": 2,
    "overlay_port": null,
    "addr": "203.0.113.211",
    "is_public": true
  },
  "model": "ad_manager.serviceaddress",
  "pk": 7
},
{
  "fields": {
    "l4port": 31045,
    "addr_type": "IPv4",
    "service": 8,
    "ad": 2,
    "overlay_port": null,
    "addr": "203.0.113.211",
    "is_public": true
  },
  "model": "ad_manager.serviceaddress",
  "pk": 8
},
{
  "fields": {
    "l4port": 31041,
    "addr_type": "IPv4",
    "service": 37,
    "ad": 21,
    "overlay_port": null,
    "addr": "203.0.113.138",
    "is_public": true
  },
  "model": "ad_manager.serviceaddress",
  "pk": 40
},
{
  "fields": {
    "l4port": 31041,
    "addr_type": "IPv4",
    "service": 37,
    "ad": 21,
    "overlay_port": null,
    "addr": "203.0.113.47",
    "is_public": false
  },
  "model": "ad_manager.serviceaddress",
  "pk": 41
},
{
  "fields": {
    "l4port": 31042,
    "addr_type": "IPv4",
    "service": 38,
    "ad": 21,
    "overlay_port": null,
    "addr": "203.0.113.138",
    "is_public": true
  },
  "model": "ad_manager.serviceaddress",
  "pk": 42
},
{
  "fields": {
    "l4port": 31042,
    "addr_type": "IPv4",
    "service": 38,
    "ad": 21,
    "overlay_port": null,
    "addr": "203.0.113.47",
    "is_public": false
  },
  "model": "ad_manager.serviceaddress",
  "pk": 43
},
{
  "fields": {
    "l4port": 31041,
    "addr_type": "IPv4",
    "service": 39,
    "ad": 21,
    "overlay_port": null,
    "addr": "203.0.113.180",
    "is_public": true
  },
  "model": "ad_manager.serviceaddress",
  "pk": 44
},
{
  "fields": {
    "l4port": 31043,
    "addr_type": "IPv4",
    "service": 40,
    "ad": 21,
    "overlay_port": null,
    "addr": "203.0.113.180",
    "is_public": true
  },
  "model": "ad_manager.serviceaddress",
  "pk": 45
},
{
  "fields": {
    "l4port": 31041,
    "addr_type": "IPv4",
    "service": 41,
    "ad": 22,
    "overlay_port": null,
    "addr": "173.239.151.139",
    "is_public": true
  },
  "model": "ad_manager.serviceaddress",
  "pk": 46
},
{
  "fields": {
    "l4port": 31041,
    "addr_type": "IPv4",
    "service": 41,
    "ad": 22,
    "overlay_port": null,
    "addr": "10.64.7.21",
    "is_public": false
  },
  "model": "ad_manager.serviceaddress",
  "pk": 47
},
{
  "fields": {
    "l4port": 31042,
    "addr_type": "IPv4",
    "service": 42,
    "ad": 22,
    "overlay_port": null,
    "addr": "173.239.151.139",
    "is_public": true
  },
  "model": "ad_manager.serviceaddress",
  "pk": 48
},
{
  "fields": {
    "l4port": 31042,
    "addr_type": "IPv4",
    "service": 42,
    "ad": 22,
    "overlay_port": null,
    "addr": "10.64.7.21",
    "is_public": false
  },
  "model": "ad_manager.serviceaddress",
  "pk": 49
},
{
  "fields": {
    "l4port": 31041,
    "addr_type": "IPv4",
    "service": 43,
    "ad": 22,
    "overlay_port": null,
    "addr": "203.0.113.198",
    "is_public": true
  },
  "model": "ad_manager.serviceaddress",
  "pk": 50
},
{
  "fields": {
    "l4port": 31043,
    "addr_type": "IPv4",
    "service": 44,
    "ad": 22,
    "overlay_port": null,
    "addr": "203.0.113.198",
    "is_public": true
  },
  "model": "ad_manager.serviceaddress",
  "pk": 51
},
{
  "fields": {
    "l4port": 31041,
    "addr_type": "IPv4",
    "service": 45,
    "ad": 48,
    "overlay_port": null,
    "addr": "203.0.113.208",
    "is_public": true
  },
  "model": "ad_manager.serviceaddress",
  "pk": 52
},
{
  "fields": {
    "l4port": 31042,
    "addr_type": "IPv4",
    "service": 46,
    "ad": 48,
    "overlay_port": null,
    "addr": "203.0.113.208",
    "is_public": true
  },
  "model": "ad_manager.serviceaddress",
  "pk": 53
},
{
  "fields": {
    "l4port": 31043,
    "addr_type": "IPv4",
    "service": 47,
    "ad": 48,
    "overlay_port": null,
    "addr": "203.0.113.208",
    "is_public": true
  },
  "model": "ad_manager.serviceaddress",
  "pk": 54
},
{
  "fields": {
    "l4port": 31045,
    "addr_type": "IPv4",
    "service": 48,
    "ad": 48,
    "overlay_port": null,
    "addr": "203.0.113.208",
    "is_public": true
  },
  "model": "ad_manager.serviceaddress",
  "pk": 55
},
{
  "fields": {
    "l4port": 31041,
    "addr_type": "IPv4",
    "service": 49,
    "ad": 31,
    "overlay_port": null,
    "addr": "203.0.113.185",
    "is_public": true
  },
  "model": "ad_manager.serviceaddress",
  "pk": 56
},
{
  "fields": {
    "l4port": 31041,
    "addr_type": "IPv4",
    "service": 50,
    "ad": 31,
    "overlay_port": null,
    "addr": "203.0.113.193",
    "is_public": true
  },
  "model": "ad_manager.serviceaddress",
  "pk": 57
},
{
  "fields": {
    "l4port": 31041,
    "addr_type": "IPv4",
    "service": 50,
    "ad": 31,
    "overlay_port": null,
    "addr": "203.0.113.88",
    "is_public": false
  },
  "model": "ad_manager.serviceaddress",
  "pk": 58
},
{
  "fields": {
    "l4port": 31041,
    "addr_type": "IPv4",
    "service": 51,
    "ad": 31,
    "overlay_port": null,
    "addr": "203.0.113.34",
    "is_public": true
  },
  "model": "ad_manager.serviceaddress",
  "pk": 59
},
{
  "fields": {
    "l4port": 31041,
    "addr_type": "IPv4",
    "service": 51,
    "ad": 31,
    "overlay_port": null,
    "addr": "203.0.113.177",
    "is_public": false
  },
  "model": "ad_manager.serviceaddress",
  "pk": 60
},
{
  "fields": {
    "l4port": 31042,
    "addr_type": "IPv4",
    "service": 52,
    "ad": 31,
    "overlay_port": null,
    "addr": "203.0.113.185",
    "is_public": true
  },
  "model": "ad_manager.serviceaddress",
  "pk": 61
},
{
  "fields": {
    "ad": 1,
    "name": "br1-1-3"
  },
  "model": "ad_manager.borderrouter",
  "pk": 1
},
{
  "fields": {
    "ad": 1,
    "name": "br1-1-7"
  },
  "model": "ad_manager.borderrouter",
  "pk": 2
},
{
  "fields": {
    "ad": 1,
    "name": "br1-1-1"
  },
  "model": "ad_manager.borderrouter",
  "pk": 3
},
{
  "fields": {
    "ad": 1,
    "name": "br1-1-5"
  },
  "model": "ad_manager.borderrouter",
  "pk": 4
},
{
  "fields": {
    "ad": 1,
    "name": "br1-1-4"
  },
  "model": "ad_manager.borderrouter",
  "pk": 5
},
{
  "fields": {
    "ad": 1,
    "name": "br1-1-2"
  },
  "model": "ad_manager.borderrouter",
  "pk": 6
},
{
  "fields": {
    "ad": 1,
    "name": "br1-1-6"
  },
  "model": "ad_manager.borderrouter",
  "pk": 7
},
{
  "fields": {
    "ad": 2,
    "name": "br1-2-4"
  },
  "model": "ad_manager.borderrouter",
  "pk": 8
},
{
  "fields": {
    "ad": 2,
    "name": "br1-2-3"
  },
  "model": "ad_manager.borderrouter",
  "pk": 9
},
{
  "fields": {
    "ad": 2,
    "name": "br1-2-1"
  },
  "model": "ad_manager.borderrouter",
  "pk": 10
},
{
  "fields": {
    "ad": 2,
    "name": "br1-2-2"
  },
  "model": "ad_manager.borderrouter",
  "pk": 11
},
{
  "fields": {
    "ad": 2,
    "name": "br1-2-5"
  },
  "model": "ad_manager.borderrouter",
  "pk": 12
},
{
  "fields": {
    "ad": 21,
    "name": "br2-21-1"
  },
  "model": "ad_manager.borderrouter",
  "pk": 30
},
{
  "fields": {
    "ad": 21,
    "name": "br2-21-2"
  },
  "model": "ad_manager.borderrouter",
  "pk": 31
},
{
  "fields": {
    "ad": 21,
    "name": "br2-21-3"
  },
  "model": "ad_manager.borderrouter",
  "pk": 32
},
{
  "fields": {
    "ad": 22,
    "name": "br2-22-1"
  },
  "model": "ad_manager.borderrouter",
  "pk": 33
},
{
  "fields": {
    "ad": 48,
    "name": "br2-23-1"
  },
  "model": "ad_manager.borderrouter",
  "pk": 34
},
{
  "fields": {
    "ad": 31,
    "name": "br3-31-1"
  },
  "model": "ad_manager.borderrouter",
  "pk": 35
},
{
  "fields": {
    "l4port": 31042,
    "addr_type": "IPv4",
    "ad": 1,
    "router": 1,
    "overlay_port": null,
    "addr": "203.0.113.142",
    "is_public": true
  },
  "model": "ad_manager.borderrouteraddress",
  "pk": 1
},
{
  "fields": {
    "l4port": 31043,
    "addr_type": "IPv4",
    "ad": 1,
    "router": 2,
    "overlay_port": null,
    "addr": "203.0.113.150",
    "is_public": true
  },
  "model": "ad_manager.borderrouteraddress",
  "pk": 2
},
{
  "fields": {
    "l4port": 31042,
    "addr_type": "IPv4",
    "ad": 1,
    "router": 3,
    "overlay_port": null,
    "addr": "203.0.113.150",
    "is_public": true
  },
  "model": "ad_manager.borderrouteraddress",
  "pk": 3
},
{
  "fields": {
    "l4port": 31042,
    "addr_type": "IPv4",
    "ad": 1,
    "router": 4,
    "overlay_port": null,
    "addr": "203.0.113.154",
    "is_public": true
  },
  "model": "ad_manager.borderrouteraddress",
  "pk": 4
},
{
  "fields": {
    "l4port": 31042,
    "addr_type": "IPv4",
    "ad": 1,
    "router": 5,
    "overlay_port": null,
    "addr": "203.0.113.134",
    "is_public": true
  },
  "model": "ad_manager.borderrouteraddress",
  "pk": 5
},
{
  "fields": {
    "l4port": 31042,
    "addr_type": "IPv4",
    "ad": 1,
    "router": 6,
    "overlay_port": null,
    "addr": "203.0.113.138",
    "is_public": true
  },
  "model": "ad_manager.borderrouteraddress",
  "pk": 6
},
{
  "fields": {
    "l4port": 31044,
    "addr_type": "IPv4",
    "ad": 1,
    "router": 7,
    "overlay_port": null,
    "addr": "203.0.113.130",
    "is_public": true
  },
  "model": "ad_manager.borderrouteraddress",
  "pk": 7
},
{
  "fields": {
    "l4port": 31042,
    "addr_type": "IPv4",
    "ad": 2,
    "router": 8,
    "overlay_port": null,
    "addr": "203.0.113.190",
    "is_public": true
  },
  "model": "ad_manager.borderrouteraddress",
  "pk": 8
},
{
  "fields": {
    "l4port": 31044,
    "addr_type": "IPv4",
    "ad": 2,
    "router": 9,
    "overlay_port": null,
    "addr": "203.0.113.211",
    "is_public": true
  },
  "model": "ad_manager.borderrouteraddress",
  "pk": 9
},
{
  "fields": {
    "l4port": 31042,
    "addr_type": "IPv4",
    "ad": 2,
    "router": 10,
    "overlay_port": null,
    "addr": "203.0.113.146",
    "is_public": true
  },
  "model": "ad_manager.borderrouteraddress",
  "pk": 10
},
{
  "fields": {
    "l4port": 31042,
    "addr_type": "IPv4",
    "ad": 2,
    "router": 11,
    "overlay_port": null,
    "addr": "203.0.113.194",
    "is_public": true
  },
  "model": "ad_manager.borderrouteraddress",
  "pk": 11
},
{
  "fields": {
    "l4port": 31042,
    "addr_type": "IPv4",
    "ad": 2,
    "router": 12,
    "overlay_port": null,
    "addr": "203.0.113.68",
    "is_public": true
  },
  "model": "ad_manager.borderrouteraddress",
  "pk": 12
},
{
  "fields": {
    "l4port": 31042,
    "addr_type": "IPv4",
    "ad": 21,
    "router": 30,
    "overlay_port": null,
    "addr": "203.0.113.180",
    "is_public": true
  },
  "model": "ad_manager.borderrouteraddress",
  "pk": 30
},
{
  "fields": {
    "l4port": 31042,
    "addr_type": "IPv4",
    "ad": 21,
    "router": 31,
    "overlay_port": null,
    "addr": "203.0.113.165",
    "is_public": true
  },
  "model": "ad_manager.borderrouteraddress",
  "pk": 31
},
{
  "fields": {
    "l4port": 31043,
    "addr_type": "IPv4",
    "ad": 21,
    "router": 32,
    "overlay_port": null,
    "addr": "203.0.113.165",
    "is_public": true
  },
  "model": "ad_manager.borderrouteraddress",
  "pk": 32
},
{
  "fields": {
    "l4port": 31042,
    "addr_type": "IPv4",
    "ad": 22,
    "router": 33,
    "overlay_port": null,
    "addr": "203.0.113.198",
    "is_public": true
  },
  "model": "ad_manager.borderrouteraddress",
  "pk": 33
},
{
  "fields": {
    "l4port": 31044,
    "addr_type": "IPv4",
    "ad": 48,
    "router": 34,
    "overlay_port": null,
    "addr": "203.0.113.208",
    "is_public": true
  },
  "model": "ad_manager.borderrouteraddress",
  "pk": 34
},
{
  "fields": {
    "l4port": 31042,
    "addr_type": "IPv4",
    "ad": 31,
    "router": 35,
    "overlay_port": null,
    "addr": "203.0.113.115",
    "is_public": true
  },
  "model": "ad_manager.borderrouteraddress",
  "pk": 35
},
{
  "fields": {
    "bind_l4port": null,
    "l4port": 50000,
    "neighbor_type": "CHILD",
    "bandwidth": 1000,
    "mtu": 1472,
    "ad": 1,
    "neighbor_isd_id": 1,
    "remote_addr": "203.0.113.2",
    "internal_addr_idx": 0,
    "interface_id": 3,
    "router_addr": 1,
    "remote_l4port": 50000,
    "bind_addr": null,
    "addr": "203.0.113.1",
    "neighbor_as_id": 3
  },
  "model": "ad_manager.borderrouterinterface",
  "pk": 1
},
{
  "fields": {
    "bind_l4port": null,
    "l4port": 50001,
    "neighbor_type": "CHILD",
    "bandwidth": 1000,
    "mtu": 1472,
    "ad": 1,
    "neighbor_isd_id": 1,
    "remote_addr": "203.0.113.254",
    "internal_addr_idx": 0,
    "interface_id": 7,
    "router_addr": 2,
    "remote_l4port": 50000,
    "bind_addr": null,
    "addr": "203.0.113.150",
    "neighbor_as_id": 4
  },
  "model": "ad_manager.borderrouterinterface",
  "pk": 2
},
{
  "fields": {
    "bind_l4port": null,
    "l4port": 50000,
    "neighbor_type": "CHILD",
    "bandwidth": 1000,
    "mtu": 1472,
    "ad": 1,
    "neighbor_isd_id": 1,
    "remote_addr": "203.0.113.114",
    "internal_addr_idx": 0,
    "interface_id": 1,
    "router_addr": 3,
    "remote_l4port": 50000,
    "bind_addr": null,
    "addr": "203.0.113.150",
    "neighbor_as_id": 5
  },
  "model": "ad_manager.borderrouterinterface",
  "pk": 3
},
{
  "fields": {
    "bind_l4port": null,
    "l4port": 50000,
    "neighbor_type": "CORE",
    "bandwidth": 1000,
    "mtu": 1472,
    "ad": 1,
    "neighbor_isd_id": 3,
    "remote_addr": "203.0.113.115",
    "internal_addr_idx": 0,
    "interface_id": 5,
    "router_addr": 4,
    "remote_l4port": 50000,
    "bind_addr": null,
    "addr": "203.0.113.154",
    "neighbor_as_id": 31
  },
  "model": "ad_manager.borderrouterinterface",
  "pk": 4
},
{
  "fields": {
    "bind_l4port": null,
    "l4port": 50000,
    "neighbor_type": "CORE",
    "bandwidth": 1000,
    "mtu": 1472,
    "ad": 1,
    "neighbor_isd_id": 2,
    "remote_addr": "203.0.113.180",
    "internal_addr_idx": 0,
    "interface_id": 4,
    "router_addr": 5,
    "remote_l4port": 50000,
    "bind_addr": null,
    "addr": "203.0.113.134",
    "neighbor_as_id": 21
  },
  "model": "ad_manager.borderrouterinterface",
  "pk": 5
},
{
  "fields": {
    "bind_l4port": null,
    "l4port": 50000,
    "neighbor_type": "CHILD",
    "bandwidth": 1000,
    "mtu": 1472,
    "ad": 1,
    "neighbor_isd_id": 1,
    "remote_addr": "203.0.113.211",
    "internal_addr_idx": 0,
    "interface_id": 2,
    "router_addr": 6,
    "remote_l4port": 50000,
    "bind_addr": null,
    "addr": "203.0.113.138",
    "neighbor_as_id": 2
  },
  "model": "ad_manager.borderrouterinterface",
  "pk": 6
},
{
  "fields": {
    "bind_l4port": null,
    "l4port": 50000,
    "neighbor_type": "CORE",
    "bandwidth": 1000,
    "mtu": 1472,
    "ad": 1,
    "neighbor_isd_id": 4,
    "remote_addr": "203.0.113.18",
    "internal_addr_idx": 0,
    "interface_id": 6,
    "router_addr": 7,
    "remote_l4port": 50000,
    "bind_addr": null,
    "addr": "203.0.113.130",
    "neighbor_as_id": 41
  },
  "model": "ad_manager.borderrouterinterface",
  "pk": 7
},
{
  "fields": {
    "bind_l4port": null,
    "l4port": 50000,
    "neighbor_type": "CHILD",
    "bandwidth": 1000,
    "mtu": 1472,
    "ad": 2,
    "neighbor_isd_id": 1,
    "remote_addr": "203.0.113.191",
    "internal_addr_idx": 0,
    "interface_id": 4,
    "router_addr": 8,
    "remote_l4port": 50000,
    "bind_addr": null,
    "addr": "203.0.113.190",
    "neighbor_as_id": 6
  },
  "model": "ad_manager.borderrouterinterface",
  "pk": 8
},
{
  "fields": {
    "bind_l4port": null,
    "l4port": 50000,
    "neighbor_type": "PARENT",
    "bandwidth": 1000,
    "mtu": 1472,
    "ad": 2,
    "neighbor_isd_id": 1,
    "remote_addr": "203.0.113.138",
    "internal_addr_idx": 0,
    "interface_id": 3,
    "router_addr": 9,
    "remote_l4port": 50000,
    "bind_addr": null,
    "addr": "203.0.113.211",
    "neighbor_as_id": 1
  },
  "model": "ad_manager.borderrouterinterface",
  "pk": 9
},
{
  "fields": {
    "bind_l4port": null,
    "l4port": 50000,
    "neighbor_type": "PARENT",
    "bandwidth": 1000,
    "mtu": 1472,
    "ad": 2,
    "neighbor_isd_id": 1,
    "remote_addr": "203.0.113.1",
    "internal_addr_idx": 0,
    "interface_id": 1,
    "router_addr": 10,
    "remote_l4port": 50000,
    "bind_addr": null,
    "addr": "203.0.113.2",
    "neighbor_as_id": 3
  },
  "model": "ad_manager.borderrouterinterface",
  "pk": 10
},
{
  "fields": {
    "bind_l4port": null,
    "l4port": 50000,
    "neighbor_type": "PEER",
    "bandwidth": 1000,
    "mtu": 1472,
    "ad": 2,
    "neighbor_isd_id": 1,
    "remote_addr": "203.0.113.122",
    "internal_addr_idx": 0,
    "interface_id": 2,
    "router_addr": 11,
    "remote_l4port": 50000,
    "bind_addr": null,
    "addr": "203.0.113.194",
    "neighbor_as_id": 5
  },
  "model": "ad_manager.borderrouterinterface",
  "pk": 11
},
{
  "fields": {
    "bind_l4port": null,
    "l4port": 50000,
    "neighbor_type": "PARENT",
    "bandwidth": 1000,
    "mtu": 1472,
    "ad": 2,
    "neighbor_isd_id": 1,
    "remote_addr": "203.0.113.69",
    "internal_addr_idx": 0,
    "interface_id": 5,
    "router_addr": 12,
    "remote_l4port": 50000,
    "bind_addr": null,
    "addr": "203.0.113.68",
    "neighbor_as_id": 3
  },
  "model": "ad_manager.borderrouterinterface",
  "pk": 12
},
{
  "fields": {
    "bind_l4port": null,
    "l4port": 50000,
    "neighbor_type": "CORE",
    "bandwidth": 1000,
    "mtu": 1472,
    "ad": 21,
    "neighbor_isd_id": 1,
    "remote_addr": "203.0.113.134",
    "internal_addr_idx": 0,
    "interface_id": 1,
    "router_addr": 30,
    "remote_l4port": 50000,
    "bind_addr": null,
    "addr": "203.0.113.180",
    "neighbor_as_id": 1
  },
  "model": "ad_manager.borderrouterinterface",
  "pk": 30
},
{
  "fields": {
    "bind_l4port": null,
    "l4port": 50000,
    "neighbor_type": "CHILD",
    "bandwidth": 1000,
    "mtu": 1472,
    "ad": 21,
    "neighbor_isd_id": 2,
    "remote_addr": "203.0.113.198",
    "internal_addr_idx": 0,
    "interface_id": 2,
    "router_addr": 31,
    "remote_l4port": 50000,
    "bind_addr": null,
    "addr": "203.0.113.165",
    "neighbor_as_id": 22
  },
  "model": "ad_manager.borderrouterinterface",
  "pk": 31
},
{
  "fields": {
    "bind_l4port": null,
    "l4port": 50001,
    "neighbor_type": "CHILD",
    "bandwidth": 1000,
    "mtu": 1472,
    "ad": 21,
    "neighbor_isd_id": 2,
    "remote_addr": "203.0.113.208",
    "internal_addr_idx": 0,
    "interface_id": 3,
    "router_addr": 32,
    "remote_l4port": 50000,
    "bind_addr": null,
    "addr": "203.0.113.165",
    "neighbor_as_id": 23
  },
  "model": "ad_manager.borderrouterinterface",
  "pk": 32
},
{
  "fields": {
    "bind_l4port": null,
    "l4port": 50000,
    "neighbor_type": "PARENT",
    "bandwidth": 1000,
    "mtu": 1472,
    "ad": 22,
    "neighbor_isd_id": 2,
    "remote_addr": "203.0.113.165",
    "internal_addr_idx": 0,
    "interface_id": 1,
    "router_addr": 33,
    "remote_l4port": 50000,
    "bind_addr": null,
    "addr": "203.0.113.198",
    "neighbor_as_id": 21
  },
  "model": "ad_manager.borderrouterinterface",
  "pk": 33
},
{
  "fields": {
    "bind_l4port": null,
    "l4port": 50000,
    "neighbor_type": "PARENT",
    "bandwidth": 1000,
    "mtu": 1472,
    "ad": 48,
    "neighbor_isd_id": 2,
    "remote_addr": "203.0.113.165",
    "internal_addr_idx": 0,
    "interface_id": 1,
    "router_addr": 34,
    "remote_l4port": 50001,
    "bind_addr": null,
    "addr": "203.0.113.208",
    "neighbor_as_id": 21
  },
  "model": "ad_manager.borderrouterinterface",
  "pk": 34
},
{
  "fields": {
    "bind_l4port": null,
    "l4port": 50000,
    "neighbor_type": "CORE",
    "bandwidth": 1000,
    "mtu": 1472,
    "ad": 31,
    "neighbor_isd_id": 1,
    "remote_addr": "203.0.113.154",
    "internal_addr_idx": 0,
    "interface_id": 1,
    "router_addr": 35,
    "remote_l4port": 50000,
    "bind_addr": null,
    "addr": "203.0.113.115",
    "neighbor_as_id": 1
  },
  "model": "ad_manager.borderrouterinterface",
  "pk": 35
}
]
